####eBayCatName, eBayCatId, CatIndex
Clothing, Shoes & Accessories:Baby & Toddler Clothing:Baby Accessories:Bags	57748	194
Clothing, Shoes & Accessories:Baby & Toddler Clothing:Baby Accessories:Belts	176966	80
Clothing, Shoes & Accessories:Baby & Toddler Clothing:Baby Accessories:Gloves & Mittens	163225	26
Clothing, Shoes & Accessories:Baby & Toddler Clothing:Baby Accessories:Hair Accessories	18786	561
Clothing, Shoes & Accessories:Baby & Toddler Clothing:Baby Accessories:Hats	163224	25
Clothing, Shoes & Accessories:Baby & Toddler Clothing:Baby Accessories:Jewelry	175522	265
Clothing, Shoes & Accessories:Baby & Toddler Clothing:Baby Accessories:Other Baby Accessories	163226	24
Clothing, Shoes & Accessories:Baby & Toddler Clothing:Baby Accessories:Scarves	175523	266
Clothing, Shoes & Accessories:Baby & Toddler Clothing:Baby Accessories:Sunglasses	176967	79
Clothing, Shoes & Accessories:Baby & Toddler Clothing:Baby Accessories:Ties	176968	544
Clothing, Shoes & Accessories:Baby & Toddler Clothing:Baby Shoes	147285	112
Clothing, Shoes & Accessories:Baby & Toddler Clothing:Boys' Clothing (Newborn-5T):Bottoms	57793	526
Clothing, Shoes & Accessories:Baby & Toddler Clothing:Boys' Clothing (Newborn-5T):Mixed Items & Lots	147342	28
Clothing, Shoes & Accessories:Baby & Toddler Clothing:Boys' Clothing (Newborn-5T):One-Pieces	57784	108
Clothing, Shoes & Accessories:Baby & Toddler Clothing:Boys' Clothing (Newborn-5T):Other Newborn-5T Boys Clothes	147343	181
Clothing, Shoes & Accessories:Baby & Toddler Clothing:Boys' Clothing (Newborn-5T):Outerwear	147324	342
Clothing, Shoes & Accessories:Baby & Toddler Clothing:Boys' Clothing (Newborn-5T):Outfits & Sets	147333	6
Clothing, Shoes & Accessories:Baby & Toddler Clothing:Boys' Clothing (Newborn-5T):Sleepwear	147336	178
Clothing, Shoes & Accessories:Baby & Toddler Clothing:Boys' Clothing (Newborn-5T):Socks	163220	187
Clothing, Shoes & Accessories:Baby & Toddler Clothing:Boys' Clothing (Newborn-5T):Suits	147337	179
Clothing, Shoes & Accessories:Baby & Toddler Clothing:Boys' Clothing (Newborn-5T):Sweaters	147338	18
Clothing, Shoes & Accessories:Baby & Toddler Clothing:Boys' Clothing (Newborn-5T):Swimwear	147339	183
Clothing, Shoes & Accessories:Baby & Toddler Clothing:Boys' Clothing (Newborn-5T):Tops & T-Shirts	147340	30
Clothing, Shoes & Accessories:Baby & Toddler Clothing:Boys' Clothing (Newborn-5T):Underwear	147341	29
Clothing, Shoes & Accessories:Baby & Toddler Clothing:Christening	139762	394
Clothing, Shoes & Accessories:Baby & Toddler Clothing:Girls' Clothing (Newborn-5T):Bottoms	163175	558
Clothing, Shoes & Accessories:Baby & Toddler Clothing:Girls' Clothing (Newborn-5T):Dresses	163351	523
Clothing, Shoes & Accessories:Baby & Toddler Clothing:Girls' Clothing (Newborn-5T):Mixed Items & Lots	147220	31
Clothing, Shoes & Accessories:Baby & Toddler Clothing:Girls' Clothing (Newborn-5T):One-Pieces	57847	173
Clothing, Shoes & Accessories:Baby & Toddler Clothing:Girls' Clothing (Newborn-5T):Other Newborn-5T Girls Clothes	147221	32
Clothing, Shoes & Accessories:Baby & Toddler Clothing:Girls' Clothing (Newborn-5T):Outerwear	147202	286
Clothing, Shoes & Accessories:Baby & Toddler Clothing:Girls' Clothing (Newborn-5T):Outfits & Sets	147211	423
Clothing, Shoes & Accessories:Baby & Toddler Clothing:Girls' Clothing (Newborn-5T):Skirts	147214	426
Clothing, Shoes & Accessories:Baby & Toddler Clothing:Girls' Clothing (Newborn-5T):Sleepwear	147215	425
Clothing, Shoes & Accessories:Baby & Toddler Clothing:Girls' Clothing (Newborn-5T):Socks & Tights	147284	115
Clothing, Shoes & Accessories:Baby & Toddler Clothing:Girls' Clothing (Newborn-5T):Sweaters	147216	428
Clothing, Shoes & Accessories:Baby & Toddler Clothing:Girls' Clothing (Newborn-5T):Swimwear	152398	318
Clothing, Shoes & Accessories:Baby & Toddler Clothing:Girls' Clothing (Newborn-5T):Tops & T-Shirts	147218	430
Clothing, Shoes & Accessories:Baby & Toddler Clothing:Girls' Clothing (Newborn-5T):Underwear	147219	429
Clothing, Shoes & Accessories:Baby & Toddler Clothing:Other Baby & Toddler Clothing	1070	422
Clothing, Shoes & Accessories:Baby & Toddler Clothing:Unisex Clothing (Newborn-5T):Bottoms	163424	11
Clothing, Shoes & Accessories:Baby & Toddler Clothing:Unisex Clothing (Newborn-5T):Mixed Items & Lots	163402	275
Clothing, Shoes & Accessories:Baby & Toddler Clothing:Unisex Clothing (Newborn-5T):One-Pieces	163425	12
Clothing, Shoes & Accessories:Baby & Toddler Clothing:Unisex Clothing (Newborn-5T):Other Newborn-5T Unisex	57875	88
Clothing, Shoes & Accessories:Baby & Toddler Clothing:Unisex Clothing (Newborn-5T):Outerwear	163399	135
Clothing, Shoes & Accessories:Baby & Toddler Clothing:Unisex Clothing (Newborn-5T):Outfits & Sets	163427	13
Clothing, Shoes & Accessories:Baby & Toddler Clothing:Unisex Clothing (Newborn-5T):Sleepwear	163400	276
Clothing, Shoes & Accessories:Baby & Toddler Clothing:Unisex Clothing (Newborn-5T):Socks	57749	195
Clothing, Shoes & Accessories:Baby & Toddler Clothing:Unisex Clothing (Newborn-5T):Tops & T-Shirts	163401	277
Clothing, Shoes & Accessories:Costumes, Reenactment, Theater:Accessories:Bags & Pouches	175641	123
Clothing, Shoes & Accessories:Costumes, Reenactment, Theater:Accessories:Belts & Sashes	175642	122
Clothing, Shoes & Accessories:Costumes, Reenactment, Theater:Accessories:Boas, Scarves & Leis	175643	121
Clothing, Shoes & Accessories:Costumes, Reenactment, Theater:Accessories:Capes, Coats & Cloaks	155345	509
Clothing, Shoes & Accessories:Costumes, Reenactment, Theater:Accessories:Crowns & Tiaras	155346	510
Clothing, Shoes & Accessories:Costumes, Reenactment, Theater:Accessories:Face Paint & Stage Makeup	175644	120
Clothing, Shoes & Accessories:Costumes, Reenactment, Theater:Accessories:Fans & Parasols	175645	119
Clothing, Shoes & Accessories:Costumes, Reenactment, Theater:Accessories:Glasses	175646	118
Clothing, Shoes & Accessories:Costumes, Reenactment, Theater:Accessories:Gloves	155348	516
Clothing, Shoes & Accessories:Costumes, Reenactment, Theater:Accessories:Handhelds & Props	163148	464
Clothing, Shoes & Accessories:Costumes, Reenactment, Theater:Accessories:Hats & Headgear	155349	517
Clothing, Shoes & Accessories:Costumes, Reenactment, Theater:Accessories:Masks & Eye Masks	116724	188
Clothing, Shoes & Accessories:Costumes, Reenactment, Theater:Accessories:Other Costume Accessories	82161	556
Clothing, Shoes & Accessories:Costumes, Reenactment, Theater:Accessories:Prosthetics	175647	117
Clothing, Shoes & Accessories:Costumes, Reenactment, Theater:Accessories:Shoes & Footwear	155347	511
Clothing, Shoes & Accessories:Costumes, Reenactment, Theater:Accessories:Wigs & Facial Hair	155350	97
Clothing, Shoes & Accessories:Costumes, Reenactment, Theater:Accessories:Wings, Tails, Ears & Noses	155351	96
Clothing, Shoes & Accessories:Costumes, Reenactment, Theater:Costumes:Boys	80913	333
Clothing, Shoes & Accessories:Costumes, Reenactment, Theater:Costumes:Girls	80914	334
Clothing, Shoes & Accessories:Costumes, Reenactment, Theater:Costumes:Infants & Toddlers	90635	148
Clothing, Shoes & Accessories:Costumes, Reenactment, Theater:Costumes:Men	52762	456
Clothing, Shoes & Accessories:Costumes, Reenactment, Theater:Costumes:Mixed Items & Lots	175649	116
Clothing, Shoes & Accessories:Costumes, Reenactment, Theater:Costumes:Other Costumes	19255	274
Clothing, Shoes & Accessories:Costumes, Reenactment, Theater:Costumes:Unisex	86207	421
Clothing, Shoes & Accessories:Costumes, Reenactment, Theater:Costumes:Women	53369	549
Clothing, Shoes & Accessories:Costumes, Reenactment, Theater:Other Theatrical Clothing	163149	463
Clothing, Shoes & Accessories:Costumes, Reenactment, Theater:Reenactment & Theater:18th Century, Colonial	163129	212
Clothing, Shoes & Accessories:Costumes, Reenactment, Theater:Reenactment & Theater:Civil War	125474	555
Clothing, Shoes & Accessories:Costumes, Reenactment, Theater:Reenactment & Theater:Contemporary	175651	529
Clothing, Shoes & Accessories:Costumes, Reenactment, Theater:Reenactment & Theater:Medieval & Renaissance	125473	552
Clothing, Shoes & Accessories:Costumes, Reenactment, Theater:Reenactment & Theater:Other Reenactment & Theater	163132	48
Clothing, Shoes & Accessories:Costumes, Reenactment, Theater:Reenactment & Theater:Patterns	163131	50
Clothing, Shoes & Accessories:Costumes, Reenactment, Theater:Reenactment & Theater:Regency	163130	49
Clothing, Shoes & Accessories:Costumes, Reenactment, Theater:Reenactment & Theater:Victorian & Edwardian	125475	554
Clothing, Shoes & Accessories:Cultural & Ethnic Clothing:Africa	155241	9
Clothing, Shoes & Accessories:Cultural & Ethnic Clothing:Asia & Pacific Islands:Cheong-sam	155243	180
Clothing, Shoes & Accessories:Cultural & Ethnic Clothing:Asia & Pacific Islands:Jackets	163141	461
Clothing, Shoes & Accessories:Cultural & Ethnic Clothing:Asia & Pacific Islands:Kimono	155244	176
Clothing, Shoes & Accessories:Cultural & Ethnic Clothing:Asia & Pacific Islands:Other Asian & Pacific Clothing	155245	175
Clothing, Shoes & Accessories:Cultural & Ethnic Clothing:Europe:Dirndls	163143	460
Clothing, Shoes & Accessories:Cultural & Ethnic Clothing:Europe:Kilts & Sporrans	112424	81
Clothing, Shoes & Accessories:Cultural & Ethnic Clothing:Europe:Lederhosen	163144	459
Clothing, Shoes & Accessories:Cultural & Ethnic Clothing:Europe:Other European Clothing	163145	458
Clothing, Shoes & Accessories:Cultural & Ethnic Clothing:India & Pakistan:Choli	155247	177
Clothing, Shoes & Accessories:Cultural & Ethnic Clothing:India & Pakistan:Kurta	155248	185
Clothing, Shoes & Accessories:Cultural & Ethnic Clothing:India & Pakistan:Other Ind-Pak Clothes & Accs	155251	189
Clothing, Shoes & Accessories:Cultural & Ethnic Clothing:India & Pakistan:Salwar Kameez	155249	184
Clothing, Shoes & Accessories:Cultural & Ethnic Clothing:India & Pakistan:Sari, Saree	155250	191
Clothing, Shoes & Accessories:Cultural & Ethnic Clothing:Latin America	155252	169
Clothing, Shoes & Accessories:Cultural & Ethnic Clothing:Middle East	155253	186
Clothing, Shoes & Accessories:Cultural & Ethnic Clothing:Native American	163146	457
Clothing, Shoes & Accessories:Cultural & Ethnic Clothing:Other Cultural Clothing	155254	172
Clothing, Shoes & Accessories:Dancewear:Adult Dancewear:Ballet	152360	470
Clothing, Shoes & Accessories:Dancewear:Adult Dancewear:Ballroom	152361	469
Clothing, Shoes & Accessories:Dancewear:Adult Dancewear:Belly Dancing	152362	468
Clothing, Shoes & Accessories:Dancewear:Adult Dancewear:Dance Accessories	152369	465
Clothing, Shoes & Accessories:Dancewear:Adult Dancewear:Leg Warmers	163139	54
Clothing, Shoes & Accessories:Dancewear:Adult Dancewear:Leggings & Tights	152364	474
Clothing, Shoes & Accessories:Dancewear:Adult Dancewear:Leotards & Unitards	152365	473
Clothing, Shoes & Accessories:Dancewear:Adult Dancewear:Other Adult Dancewear	112428	76
Clothing, Shoes & Accessories:Dancewear:Adult Dancewear:Outfits	152366	472
Clothing, Shoes & Accessories:Dancewear:Adult Dancewear:Pants & Shorts	163140	462
Clothing, Shoes & Accessories:Dancewear:Adult Dancewear:Skirts	150666	433
Clothing, Shoes & Accessories:Dancewear:Adult Dancewear:Square Dancing	152363	467
Clothing, Shoes & Accessories:Dancewear:Adult Dancewear:Tops, Shirts	152367	471
Clothing, Shoes & Accessories:Dancewear:Adult Dancewear:Totes, Duffel Bags	152368	466
Clothing, Shoes & Accessories:Dancewear:Baby & Toddler Dancewear	172007	455
Clothing, Shoes & Accessories:Dancewear:Dance Shoes:Ballet	150663	435
Clothing, Shoes & Accessories:Dancewear:Dance Shoes:Ballroom	152340	138
Clothing, Shoes & Accessories:Dancewear:Dance Shoes:Character	152341	137
Clothing, Shoes & Accessories:Dancewear:Dance Shoes:Jazz, Hip Hop	150664	432
Clothing, Shoes & Accessories:Dancewear:Dance Shoes:Other Dance Shoes	153004	343
Clothing, Shoes & Accessories:Dancewear:Dance Shoes:Tap	152342	139
Clothing, Shoes & Accessories:Dancewear:Kids' Dancewear:Dance Accessories	152358	568
Clothing, Shoes & Accessories:Dancewear:Kids' Dancewear:Dresses & Tutus	152352	562
Clothing, Shoes & Accessories:Dancewear:Kids' Dancewear:Leg Warmers	163137	51
Clothing, Shoes & Accessories:Dancewear:Kids' Dancewear:Leggings & Tights	152353	563
Clothing, Shoes & Accessories:Dancewear:Kids' Dancewear:Leotards & Unitards	152354	566
Clothing, Shoes & Accessories:Dancewear:Kids' Dancewear:Lots	152359	569
Clothing, Shoes & Accessories:Dancewear:Kids' Dancewear:Other Kids' Dancewear	112426	82
Clothing, Shoes & Accessories:Dancewear:Kids' Dancewear:Outfits	152355	567
Clothing, Shoes & Accessories:Dancewear:Kids' Dancewear:Pants & Shorts	163138	53
Clothing, Shoes & Accessories:Dancewear:Kids' Dancewear:Tops, Shirts	152356	564
Clothing, Shoes & Accessories:Dancewear:Kids' Dancewear:Totes, Duffel Bags	152357	565
Clothing, Shoes & Accessories:Kids' Clothing, Shoes & Accs:Boys' Accessories:Backpacks & Bags	57882	253
Clothing, Shoes & Accessories:Kids' Clothing, Shoes & Accs:Boys' Accessories:Belts & Belt Buckles	57883	252
Clothing, Shoes & Accessories:Kids' Clothing, Shoes & Accs:Boys' Accessories:Gloves & Mittens	57885	247
Clothing, Shoes & Accessories:Kids' Clothing, Shoes & Accs:Boys' Accessories:Hats	57884	248
Clothing, Shoes & Accessories:Kids' Clothing, Shoes & Accs:Boys' Accessories:Key Chains	175524	263
Clothing, Shoes & Accessories:Kids' Clothing, Shoes & Accs:Boys' Accessories:Mixed Items & Lots	156789	542
Clothing, Shoes & Accessories:Kids' Clothing, Shoes & Accs:Boys' Accessories:Other Boys' Accessories	3075	527
Clothing, Shoes & Accessories:Kids' Clothing, Shoes & Accs:Boys' Accessories:Scarves	122321	299
Clothing, Shoes & Accessories:Kids' Clothing, Shoes & Accs:Boys' Accessories:Sunglasses	131411	481
Clothing, Shoes & Accessories:Kids' Clothing, Shoes & Accs:Boys' Accessories:Suspenders	122320	298
Clothing, Shoes & Accessories:Kids' Clothing, Shoes & Accs:Boys' Accessories:Ties	57886	391
Clothing, Shoes & Accessories:Kids' Clothing, Shoes & Accs:Boys' Accessories:Umbrellas	175525	264
Clothing, Shoes & Accessories:Kids' Clothing, Shoes & Accs:Boys' Accessories:Wallets	57887	249
Clothing, Shoes & Accessories:Kids' Clothing, Shoes & Accs:Boys' Accessories:Wristbands	122322	300
Clothing, Shoes & Accessories:Kids' Clothing, Shoes & Accs:Boys' Clothing (Sizes 4 & Up):Jeans	77475	420
Clothing, Shoes & Accessories:Kids' Clothing, Shoes & Accs:Boys' Clothing (Sizes 4 & Up):Mixed Items & Lots	15620	167
Clothing, Shoes & Accessories:Kids' Clothing, Shoes & Accs:Boys' Clothing (Sizes 4 & Up):Other Boys' Clothes Sizes 4+	1067	23
Clothing, Shoes & Accessories:Kids' Clothing, Shoes & Accs:Boys' Clothing (Sizes 4 & Up):Outerwear	51933	546
Clothing, Shoes & Accessories:Kids' Clothing, Shoes & Accs:Boys' Clothing (Sizes 4 & Up):Outfits & Sets	156790	372
Clothing, Shoes & Accessories:Kids' Clothing, Shoes & Accs:Boys' Clothing (Sizes 4 & Up):Pants	51920	287
Clothing, Shoes & Accessories:Kids' Clothing, Shoes & Accs:Boys' Clothing (Sizes 4 & Up):Shorts	15615	114
Clothing, Shoes & Accessories:Kids' Clothing, Shoes & Accs:Boys' Clothing (Sizes 4 & Up):Sleepwear	84544	27
Clothing, Shoes & Accessories:Kids' Clothing, Shoes & Accs:Boys' Clothing (Sizes 4 & Up):Socks	153564	127
Clothing, Shoes & Accessories:Kids' Clothing, Shoes & Accs:Boys' Clothing (Sizes 4 & Up):Suits	99754	500
Clothing, Shoes & Accessories:Kids' Clothing, Shoes & Accs:Boys' Clothing (Sizes 4 & Up):Sweaters	51946	418
Clothing, Shoes & Accessories:Kids' Clothing, Shoes & Accs:Boys' Clothing (Sizes 4 & Up):Sweatshirts & Hoodies	57916	337
Clothing, Shoes & Accessories:Kids' Clothing, Shoes & Accs:Boys' Clothing (Sizes 4 & Up):Swimwear	51919	323
Clothing, Shoes & Accessories:Kids' Clothing, Shoes & Accs:Boys' Clothing (Sizes 4 & Up):Tops, Shirts & T-Shirts	175521	267
Clothing, Shoes & Accessories:Kids' Clothing, Shoes & Accs:Boys' Clothing (Sizes 4 & Up):Underwear	51973	147
Clothing, Shoes & Accessories:Kids' Clothing, Shoes & Accs:Boys' Clothing (Sizes 4 & Up):Uniforms	28016	352
Clothing, Shoes & Accessories:Kids' Clothing, Shoes & Accs:Boys' Clothing (Sizes 4 & Up):Vests	176957	162
Clothing, Shoes & Accessories:Kids' Clothing, Shoes & Accs:Boys' Shoes	57929	174
Clothing, Shoes & Accessories:Kids' Clothing, Shoes & Accs:Girls' Accessories:Backpacks	57917	336
Clothing, Shoes & Accessories:Kids' Clothing, Shoes & Accs:Girls' Accessories:Belts & Belt Buckles	57918	339
Clothing, Shoes & Accessories:Kids' Clothing, Shoes & Accs:Girls' Accessories:Gloves & Mittens	57919	338
Clothing, Shoes & Accessories:Kids' Clothing, Shoes & Accs:Girls' Accessories:Hair Accessories	57920	171
Clothing, Shoes & Accessories:Kids' Clothing, Shoes & Accs:Girls' Accessories:Hats	15630	326
Clothing, Shoes & Accessories:Kids' Clothing, Shoes & Accs:Girls' Accessories:Jewelry	175526	261
Clothing, Shoes & Accessories:Kids' Clothing, Shoes & Accs:Girls' Accessories:Key Chains	175527	262
Clothing, Shoes & Accessories:Kids' Clothing, Shoes & Accs:Girls' Accessories:Mixed Items & Lots	15633	329
Clothing, Shoes & Accessories:Kids' Clothing, Shoes & Accs:Girls' Accessories:Other Girls' Accessories	11467	302
Clothing, Shoes & Accessories:Kids' Clothing, Shoes & Accs:Girls' Accessories:Purses & Wallets	15629	165
Clothing, Shoes & Accessories:Kids' Clothing, Shoes & Accs:Girls' Accessories:Scarves & Wraps	57927	551
Clothing, Shoes & Accessories:Kids' Clothing, Shoes & Accs:Girls' Accessories:Shoe Charms	150956	559
Clothing, Shoes & Accessories:Kids' Clothing, Shoes & Accs:Girls' Accessories:Sunglasses	122340	41
Clothing, Shoes & Accessories:Kids' Clothing, Shoes & Accs:Girls' Accessories:Umbrellas	122341	42
Clothing, Shoes & Accessories:Kids' Clothing, Shoes & Accs:Girls' Accessories:Wristbands	122342	40
Clothing, Shoes & Accessories:Kids' Clothing, Shoes & Accs:Girls' Clothing (Sizes 4 & Up):Dresses	51581	492
Clothing, Shoes & Accessories:Kids' Clothing, Shoes & Accs:Girls' Clothing (Sizes 4 & Up):Jeans	77411	242
Clothing, Shoes & Accessories:Kids' Clothing, Shoes & Accs:Girls' Clothing (Sizes 4 & Up):Jumpsuits & Rompers	175528	259
Clothing, Shoes & Accessories:Kids' Clothing, Shoes & Accs:Girls' Clothing (Sizes 4 & Up):Leggings	152719	305
Clothing, Shoes & Accessories:Kids' Clothing, Shoes & Accs:Girls' Clothing (Sizes 4 & Up):Mixed Items & Lots	15652	528
Clothing, Shoes & Accessories:Kids' Clothing, Shoes & Accs:Girls' Clothing (Sizes 4 & Up):Other Girls' Clothes Sizes 4+	51587	494
Clothing, Shoes & Accessories:Kids' Clothing, Shoes & Accs:Girls' Clothing (Sizes 4 & Up):Outerwear	51580	491
Clothing, Shoes & Accessories:Kids' Clothing, Shoes & Accs:Girls' Clothing (Sizes 4 & Up):Outfits & Sets	156801	547
Clothing, Shoes & Accessories:Kids' Clothing, Shoes & Accs:Girls' Clothing (Sizes 4 & Up):Pants	51568	309
Clothing, Shoes & Accessories:Kids' Clothing, Shoes & Accs:Girls' Clothing (Sizes 4 & Up):Shorts	15648	345
Clothing, Shoes & Accessories:Kids' Clothing, Shoes & Accs:Girls' Clothing (Sizes 4 & Up):Skirts	51583	490
Clothing, Shoes & Accessories:Kids' Clothing, Shoes & Accs:Girls' Clothing (Sizes 4 & Up):Skorts	152553	33
Clothing, Shoes & Accessories:Kids' Clothing, Shoes & Accs:Girls' Clothing (Sizes 4 & Up):Sleepwear	99735	113
Clothing, Shoes & Accessories:Kids' Clothing, Shoes & Accs:Girls' Clothing (Sizes 4 & Up):Socks & Tights	153797	192
Clothing, Shoes & Accessories:Kids' Clothing, Shoes & Accs:Girls' Clothing (Sizes 4 & Up):Sweaters	51582	489
Clothing, Shoes & Accessories:Kids' Clothing, Shoes & Accs:Girls' Clothing (Sizes 4 & Up):Sweatshirts & Hoodies	152554	34
Clothing, Shoes & Accessories:Kids' Clothing, Shoes & Accs:Girls' Clothing (Sizes 4 & Up):Swimwear	51567	307
Clothing, Shoes & Accessories:Kids' Clothing, Shoes & Accs:Girls' Clothing (Sizes 4 & Up):Tops, Shirts & T-Shirts	175529	260
Clothing, Shoes & Accessories:Kids' Clothing, Shoes & Accs:Girls' Clothing (Sizes 4 & Up):Underwear	51586	493
Clothing, Shoes & Accessories:Kids' Clothing, Shoes & Accs:Girls' Clothing (Sizes 4 & Up):Uniforms	28017	353
Clothing, Shoes & Accessories:Kids' Clothing, Shoes & Accs:Girls' Shoes	57974	100
Clothing, Shoes & Accessories:Kids' Clothing, Shoes & Accs:Other Kids' Clothing & Accs	175640	124
Clothing, Shoes & Accessories:Kids' Clothing, Shoes & Accs:Unisex Clothing:Jeans	175658	536
Clothing, Shoes & Accessories:Kids' Clothing, Shoes & Accs:Unisex Clothing:Other Unisex Clothing	155203	270
Clothing, Shoes & Accessories:Kids' Clothing, Shoes & Accs:Unisex Clothing:Outerwear	155201	268
Clothing, Shoes & Accessories:Kids' Clothing, Shoes & Accs:Unisex Clothing:Pants	175654	532
Clothing, Shoes & Accessories:Kids' Clothing, Shoes & Accs:Unisex Clothing:Shorts	175655	533
Clothing, Shoes & Accessories:Kids' Clothing, Shoes & Accs:Unisex Clothing:Sleepwear	175656	534
Clothing, Shoes & Accessories:Kids' Clothing, Shoes & Accs:Unisex Clothing:Socks	175697	153
Clothing, Shoes & Accessories:Kids' Clothing, Shoes & Accs:Unisex Clothing:Sweaters	175657	535
Clothing, Shoes & Accessories:Kids' Clothing, Shoes & Accs:Unisex Clothing:Sweatshirts & Hoodies	155200	269
Clothing, Shoes & Accessories:Kids' Clothing, Shoes & Accs:Unisex Clothing:Swimwear	175653	531
Clothing, Shoes & Accessories:Kids' Clothing, Shoes & Accs:Unisex Clothing:Tops & T-Shirts	155199	214
Clothing, Shoes & Accessories:Kids' Clothing, Shoes & Accs:Unisex Clothing:Uniforms	175652	530
Clothing, Shoes & Accessories:Kids' Clothing, Shoes & Accs:Unisex Shoes	155202	271
Clothing, Shoes & Accessories:Men's Accessories:Backpacks, Bags & Briefcases	52357	107
Clothing, Shoes & Accessories:Men's Accessories:Belt Buckles	86647	310
Clothing, Shoes & Accessories:Men's Accessories:Belts	2993	440
Clothing, Shoes & Accessories:Men's Accessories:Canes & Walking Sticks	152537	374
Clothing, Shoes & Accessories:Men's Accessories:Collar Tips	177649	193
Clothing, Shoes & Accessories:Men's Accessories:Gloves & Mittens	2994	441
Clothing, Shoes & Accessories:Men's Accessories:Handkerchiefs	167902	95
Clothing, Shoes & Accessories:Men's Accessories:Hats	52365	281
Clothing, Shoes & Accessories:Men's Accessories:ID & Document Holders:Business & Credit Card Cases	105860	71
Clothing, Shoes & Accessories:Men's Accessories:ID & Document Holders:Checkbook Holders	105408	149
Clothing, Shoes & Accessories:Men's Accessories:ID & Document Holders:ID & Badge Holders	163582	258
Clothing, Shoes & Accessories:Men's Accessories:ID & Document Holders:Other Men's ID & Doc Holders	169272	204
Clothing, Shoes & Accessories:Men's Accessories:ID & Document Holders:Passport Holders	163584	256
Clothing, Shoes & Accessories:Men's Accessories:Key Chains, Rings & Cases	52373	443
Clothing, Shoes & Accessories:Men's Accessories:Mixed Items & Lots	175627	431
Clothing, Shoes & Accessories:Men's Accessories:Money Clips	163583	257
Clothing, Shoes & Accessories:Men's Accessories:Organizers & Day Planners	15665	111
Clothing, Shoes & Accessories:Men's Accessories:Other Men's Accessories	1060	21
Clothing, Shoes & Accessories:Men's Accessories:Scarves	52382	437
Clothing, Shoes & Accessories:Men's Accessories:Sunglasses & Fashion Eyewear:Eyewear Accessories	179241	331
Clothing, Shoes & Accessories:Men's Accessories:Sunglasses & Fashion Eyewear:Fashion Eyewear/Clear Glasses	179240	335
Clothing, Shoes & Accessories:Men's Accessories:Sunglasses & Fashion Eyewear:Other Men's Eyewear	179242	332
Clothing, Shoes & Accessories:Men's Accessories:Sunglasses & Fashion Eyewear:Sunglass Lens Replacements	179194	240
Clothing, Shoes & Accessories:Men's Accessories:Sunglasses & Fashion Eyewear:Sunglasses	79720	39
Clothing, Shoes & Accessories:Men's Accessories:Suspenders, Braces	105387	190
Clothing, Shoes & Accessories:Men's Accessories:Ties	15662	110
Clothing, Shoes & Accessories:Men's Accessories:Umbrellas	90634	311
Clothing, Shoes & Accessories:Men's Accessories:Wallets	2996	442
Clothing, Shoes & Accessories:Men's Accessories:Wristbands	106113	319
Clothing, Shoes & Accessories:Men's Clothing:Athletic Apparel	137084	78
Clothing, Shoes & Accessories:Men's Clothing:Blazers & Sport Coats	3002	347
Clothing, Shoes & Accessories:Men's Clothing:Casual Shirts	57990	72
Clothing, Shoes & Accessories:Men's Clothing:Coats & Jackets	57988	58
Clothing, Shoes & Accessories:Men's Clothing:Dress Shirts	57991	480
Clothing, Shoes & Accessories:Men's Clothing:Jeans	11483	251
Clothing, Shoes & Accessories:Men's Clothing:Mixed Items & Lots	84434	14
Clothing, Shoes & Accessories:Men's Clothing:Other Men's Clothing	313	313
Clothing, Shoes & Accessories:Men's Clothing:Pants	57989	436
Clothing, Shoes & Accessories:Men's Clothing:Shorts	15689	44
Clothing, Shoes & Accessories:Men's Clothing:Sleepwear & Robes	11510	341
Clothing, Shoes & Accessories:Men's Clothing:Socks	11511	340
Clothing, Shoes & Accessories:Men's Clothing:Suits	3001	344
Clothing, Shoes & Accessories:Men's Clothing:Sweaters	11484	250
Clothing, Shoes & Accessories:Men's Clothing:Sweats & Hoodies	155183	57
Clothing, Shoes & Accessories:Men's Clothing:Swimwear	15690	439
Clothing, Shoes & Accessories:Men's Clothing:T-Shirts	15687	301
Clothing, Shoes & Accessories:Men's Clothing:Underwear	11507	513
Clothing, Shoes & Accessories:Men's Clothing:Vests	15691	446
Clothing, Shoes & Accessories:Men's Shoes:Athletic	15709	237
Clothing, Shoes & Accessories:Men's Shoes:Boots	11498	404
Clothing, Shoes & Accessories:Men's Shoes:Casual	24087	68
Clothing, Shoes & Accessories:Men's Shoes:Dress/Formal	53120	373
Clothing, Shoes & Accessories:Men's Shoes:Mixed Items & Lots	63850	447
Clothing, Shoes & Accessories:Men's Shoes:Occupational	11501	518
Clothing, Shoes & Accessories:Men's Shoes:Sandals & Flip Flops	11504	514
Clothing, Shoes & Accessories:Men's Shoes:Slippers	11505	515
Clothing, Shoes & Accessories:Uniforms & Work Clothing:Aprons	175628	424
Clothing, Shoes & Accessories:Uniforms & Work Clothing:Coveralls & Jumpsuits	178962	38
Clothing, Shoes & Accessories:Uniforms & Work Clothing:Hats	163526	322
Clothing, Shoes & Accessories:Uniforms & Work Clothing:Jackets & Vests	175629	349
Clothing, Shoes & Accessories:Uniforms & Work Clothing:Lab Coats	105417	312
Clothing, Shoes & Accessories:Uniforms & Work Clothing:Other Uniforms & Work Clothing	163528	330
Clothing, Shoes & Accessories:Uniforms & Work Clothing:Pants & Shorts	163525	321
Clothing, Shoes & Accessories:Uniforms & Work Clothing:Scouting Uniforms	105418	314
Clothing, Shoes & Accessories:Uniforms & Work Clothing:Scrubs:Bottoms	105422	475
Clothing, Shoes & Accessories:Uniforms & Work Clothing:Scrubs:Mixed Lots	105444	224
Clothing, Shoes & Accessories:Uniforms & Work Clothing:Scrubs:Other Scrubs	16119	292
Clothing, Shoes & Accessories:Uniforms & Work Clothing:Scrubs:Sets	105432	59
Clothing, Shoes & Accessories:Uniforms & Work Clothing:Scrubs:Tops	105440	221
Clothing, Shoes & Accessories:Uniforms & Work Clothing:Shirts	175630	290
Clothing, Shoes & Accessories:Unisex Clothing, Shoes & Accs:Other Unisex Clothing & Accs	167905	93
Clothing, Shoes & Accessories:Unisex Clothing, Shoes & Accs:Unisex Accessories:Bags & Backpacks	163537	496
Clothing, Shoes & Accessories:Unisex Clothing, Shoes & Accs:Unisex Accessories:Belt Buckles	163542	65
Clothing, Shoes & Accessories:Unisex Clothing, Shoes & Accs:Unisex Accessories:Belts	155187	128
Clothing, Shoes & Accessories:Unisex Clothing, Shoes & Accs:Unisex Accessories:Collar Tips	177650	427
Clothing, Shoes & Accessories:Unisex Clothing, Shoes & Accs:Unisex Accessories:Earmuffs, Earwarmers	169277	205
Clothing, Shoes & Accessories:Unisex Clothing, Shoes & Accs:Unisex Accessories:Gloves & Mittens	169278	208
Clothing, Shoes & Accessories:Unisex Clothing, Shoes & Accs:Unisex Accessories:Hats	163543	3
Clothing, Shoes & Accessories:Unisex Clothing, Shoes & Accs:Unisex Accessories:ID & Document Holders	169279	207
Clothing, Shoes & Accessories:Unisex Clothing, Shoes & Accs:Unisex Accessories:Key Chains	169280	365
Clothing, Shoes & Accessories:Unisex Clothing, Shoes & Accs:Unisex Accessories:Other Unisex Accessories	155191	219
Clothing, Shoes & Accessories:Unisex Clothing, Shoes & Accs:Unisex Accessories:Scarves & Bandanas	169281	366
Clothing, Shoes & Accessories:Unisex Clothing, Shoes & Accs:Unisex Accessories:Shoe Care & Repair	178963	37
Clothing, Shoes & Accessories:Unisex Clothing, Shoes & Accs:Unisex Accessories:Shoe Charms	163549	182
Clothing, Shoes & Accessories:Unisex Clothing, Shoes & Accs:Unisex Accessories:Shoe Insoles	169284	361
Clothing, Shoes & Accessories:Unisex Clothing, Shoes & Accs:Unisex Accessories:Shoelaces	169282	363
Clothing, Shoes & Accessories:Unisex Clothing, Shoes & Accs:Unisex Accessories:Slippers	163550	285
Clothing, Shoes & Accessories:Unisex Clothing, Shoes & Accs:Unisex Accessories:Socks	166695	505
Clothing, Shoes & Accessories:Unisex Clothing, Shoes & Accs:Unisex Accessories:Sunglasses & Fashion Eyewear:Eyewear Accessories	179245	328
Clothing, Shoes & Accessories:Unisex Clothing, Shoes & Accs:Unisex Accessories:Sunglasses & Fashion Eyewear:Fashion Eyewear/Clear Glasses	179244	354
Clothing, Shoes & Accessories:Unisex Clothing, Shoes & Accs:Unisex Accessories:Sunglasses & Fashion Eyewear:Other Unisex Eyewear	179246	327
Clothing, Shoes & Accessories:Unisex Clothing, Shoes & Accs:Unisex Accessories:Sunglasses & Fashion Eyewear:Sunglass Lens Replacements	179195	239
Clothing, Shoes & Accessories:Unisex Clothing, Shoes & Accs:Unisex Accessories:Sunglasses & Fashion Eyewear:Sunglasses	155189	56
Clothing, Shoes & Accessories:Unisex Clothing, Shoes & Accs:Unisex Accessories:Umbrellas	155190	220
Clothing, Shoes & Accessories:Unisex Clothing, Shoes & Accs:Unisex Accessories:Wallets	169283	364
Clothing, Shoes & Accessories:Unisex Clothing, Shoes & Accs:Unisex Accessories:Wristbands	169276	206
Clothing, Shoes & Accessories:Unisex Clothing, Shoes & Accs:Unisex Adult Clothing:Jeans, Pants & Shorts	166696	506
Clothing, Shoes & Accessories:Unisex Clothing, Shoes & Accs:Unisex Adult Clothing:Other Unisex Adult Clothing	155197	282
Clothing, Shoes & Accessories:Unisex Clothing, Shoes & Accs:Unisex Adult Clothing:Outerwear	155195	222
Clothing, Shoes & Accessories:Unisex Clothing, Shoes & Accs:Unisex Adult Clothing:Sleepwear & Robes	166697	507
Clothing, Shoes & Accessories:Unisex Clothing, Shoes & Accs:Unisex Adult Clothing:Sweatshirts, Hoodies	155194	223
Clothing, Shoes & Accessories:Unisex Clothing, Shoes & Accs:Unisex Adult Clothing:T-Shirts	155193	272
Clothing, Shoes & Accessories:Unisex Clothing, Shoes & Accs:Unisex Adult Shoes	155196	225
Clothing, Shoes & Accessories:Vintage:Children's Vintage Clothing:Christening Outfits	182026	8
Clothing, Shoes & Accessories:Vintage:Children's Vintage Clothing:Dresses	182027	7
Clothing, Shoes & Accessories:Vintage:Children's Vintage Clothing:Hats	182028	5
Clothing, Shoes & Accessories:Vintage:Children's Vintage Clothing:Jeans	182029	4
Clothing, Shoes & Accessories:Vintage:Children's Vintage Clothing:Jumpsuits & Rompers	182030	416
Clothing, Shoes & Accessories:Vintage:Children's Vintage Clothing:Other Kids' Vintage Clothing	20291	168
Clothing, Shoes & Accessories:Vintage:Children's Vintage Clothing:Outerwear Coats & Jackets	182031	417
Clothing, Shoes & Accessories:Vintage:Children's Vintage Clothing:Outfit Sets	182032	414
Clothing, Shoes & Accessories:Vintage:Children's Vintage Clothing:Pants	182033	415
Clothing, Shoes & Accessories:Vintage:Children's Vintage Clothing:Shirts & Tops	182043	385
Clothing, Shoes & Accessories:Vintage:Children's Vintage Clothing:Shoes	182034	412
Clothing, Shoes & Accessories:Vintage:Children's Vintage Clothing:Shorts	182035	413
Clothing, Shoes & Accessories:Vintage:Children's Vintage Clothing:Skirts	182036	410
Clothing, Shoes & Accessories:Vintage:Children's Vintage Clothing:Sleepwear	182037	411
Clothing, Shoes & Accessories:Vintage:Children's Vintage Clothing:Socks & Tights	182038	408
Clothing, Shoes & Accessories:Vintage:Children's Vintage Clothing:Suit Jackets & Blazers	182039	409
Clothing, Shoes & Accessories:Vintage:Children's Vintage Clothing:Suits	182040	388
Clothing, Shoes & Accessories:Vintage:Children's Vintage Clothing:Sweaters	182041	387
Clothing, Shoes & Accessories:Vintage:Children's Vintage Clothing:Sweats & Tracksuits	182042	386
Clothing, Shoes & Accessories:Vintage:Men's Vintage Clothing:Casual Shirts	175770	203
Clothing, Shoes & Accessories:Vintage:Men's Vintage Clothing:Dress Shirts	175772	201
Clothing, Shoes & Accessories:Vintage:Men's Vintage Clothing:Jeans	175773	200
Clothing, Shoes & Accessories:Vintage:Men's Vintage Clothing:Other Men's Vintage Clothing	48861	235
Clothing, Shoes & Accessories:Vintage:Men's Vintage Clothing:Outerwear Coats & Jackets	175771	202
Clothing, Shoes & Accessories:Vintage:Men's Vintage Clothing:Pants	175780	499
Clothing, Shoes & Accessories:Vintage:Men's Vintage Clothing:Shorts	175776	197
Clothing, Shoes & Accessories:Vintage:Men's Vintage Clothing:Sleepwear & Robes	175775	198
Clothing, Shoes & Accessories:Vintage:Men's Vintage Clothing:Socks	182045	390
Clothing, Shoes & Accessories:Vintage:Men's Vintage Clothing:Suit Jackets & Blazers	182046	389
Clothing, Shoes & Accessories:Vintage:Men's Vintage Clothing:Suits	175777	196
Clothing, Shoes & Accessories:Vintage:Men's Vintage Clothing:Sweaters	175774	199
Clothing, Shoes & Accessories:Vintage:Men's Vintage Clothing:Sweats & Tracksuits	175778	126
Clothing, Shoes & Accessories:Vintage:Men's Vintage Clothing:Swimwear	175779	125
Clothing, Shoes & Accessories:Vintage:Men's Vintage Clothing:T-Shirts	175781	159
Clothing, Shoes & Accessories:Vintage:Men's Vintage Clothing:Vests	175782	497
Clothing, Shoes & Accessories:Vintage:Men's Vintage Shoes	163628	143
Clothing, Shoes & Accessories:Vintage:Other Vintage Clothing	91247	73
Clothing, Shoes & Accessories:Vintage:Vintage Accessories:Bags, Handbags & Cases	74962	284
Clothing, Shoes & Accessories:Vintage:Vintage Accessories:Belt Buckles	163600	521
Clothing, Shoes & Accessories:Vintage:Vintage Accessories:Belts	163601	522
Clothing, Shoes & Accessories:Vintage:Vintage Accessories:Canes & Walking Sticks	182060	61
Clothing, Shoes & Accessories:Vintage:Vintage Accessories:Clothes Hangers	163606	519
Clothing, Shoes & Accessories:Vintage:Vintage Accessories:Collars	163607	520
Clothing, Shoes & Accessories:Vintage:Vintage Accessories:Eyeglasses	175805	278
Clothing, Shoes & Accessories:Vintage:Vintage Accessories:Gloves	175806	280
Clothing, Shoes & Accessories:Vintage:Vintage Accessories:Hair Accessories	175819	106
Clothing, Shoes & Accessories:Vintage:Vintage Accessories:Hand Fans	182061	60
Clothing, Shoes & Accessories:Vintage:Vintage Accessories:Handkerchiefs	163608	524
Clothing, Shoes & Accessories:Vintage:Vintage Accessories:Hat Boxes	14062	154
Clothing, Shoes & Accessories:Vintage:Vintage Accessories:Men's Hats	163619	103
Clothing, Shoes & Accessories:Vintage:Vintage Accessories:Other Vintage Accessories	957	545
Clothing, Shoes & Accessories:Vintage:Vintage Accessories:Scarves & Wraps	175807	279
Clothing, Shoes & Accessories:Vintage:Vintage Accessories:Shoe Accessories	163627	403
Clothing, Shoes & Accessories:Vintage:Vintage Accessories:Sunglasses	48559	218
Clothing, Shoes & Accessories:Vintage:Vintage Accessories:Suspenders/Braces	182062	63
Clothing, Shoes & Accessories:Vintage:Vintage Accessories:Ties, Bow Ties & Cravats	14070	2
Clothing, Shoes & Accessories:Vintage:Vintage Accessories:Umbrellas & Parasols	182063	62
Clothing, Shoes & Accessories:Vintage:Vintage Accessories:Wallets & Coin Purses	175769	43
Clothing, Shoes & Accessories:Vintage:Vintage Accessories:Women's Hats	74969	216
Clothing, Shoes & Accessories:Vintage:Women's Vintage Clothing:Dresses	175784	503
Clothing, Shoes & Accessories:Vintage:Women's Vintage Clothing:Jeans	175785	504
Clothing, Shoes & Accessories:Vintage:Women's Vintage Clothing:Jumpsuits & Playsuits	175787	502
Clothing, Shoes & Accessories:Vintage:Women's Vintage Clothing:Lingerie:Bras	182049	384
Clothing, Shoes & Accessories:Vintage:Women's Vintage Clothing:Lingerie:Camisoles	182050	231
Clothing, Shoes & Accessories:Vintage:Women's Vintage Clothing:Lingerie:Corsets & Girdles	182051	232
Clothing, Shoes & Accessories:Vintage:Women's Vintage Clothing:Lingerie:Garter Belts	182052	233
Clothing, Shoes & Accessories:Vintage:Women's Vintage Clothing:Lingerie:Other Vintage Lingerie	182056	229
Clothing, Shoes & Accessories:Vintage:Women's Vintage Clothing:Lingerie:Panties	182054	227
Clothing, Shoes & Accessories:Vintage:Women's Vintage Clothing:Lingerie:Pantyhose & Stockings	182053	234
Clothing, Shoes & Accessories:Vintage:Women's Vintage Clothing:Lingerie:Slips & Petticoats	182055	228
Clothing, Shoes & Accessories:Vintage:Women's Vintage Clothing:Other Women's Vintage Clothing	965	370
Clothing, Shoes & Accessories:Vintage:Women's Vintage Clothing:Outerwear Coats & Jackets	175783	498
Clothing, Shoes & Accessories:Vintage:Women's Vintage Clothing:Pants	175796	90
Clothing, Shoes & Accessories:Vintage:Women's Vintage Clothing:Shorts	175790	84
Clothing, Shoes & Accessories:Vintage:Women's Vintage Clothing:Skirts	175791	83
Clothing, Shoes & Accessories:Vintage:Women's Vintage Clothing:Sleepwear & Robes	175789	170
Clothing, Shoes & Accessories:Vintage:Women's Vintage Clothing:Socks	182057	230
Clothing, Shoes & Accessories:Vintage:Women's Vintage Clothing:Suit Jackets & Blazers	182058	226
Clothing, Shoes & Accessories:Vintage:Women's Vintage Clothing:Suits & Coordinated Sets	175792	86
Clothing, Shoes & Accessories:Vintage:Women's Vintage Clothing:Sweaters	175786	501
Clothing, Shoes & Accessories:Vintage:Women's Vintage Clothing:Sweats & Tracksuits	175793	85
Clothing, Shoes & Accessories:Vintage:Women's Vintage Clothing:Swimwear	175794	570
Clothing, Shoes & Accessories:Vintage:Women's Vintage Clothing:T-Shirts	175797	89
Clothing, Shoes & Accessories:Vintage:Women's Vintage Clothing:Tops & Blouses	175795	87
Clothing, Shoes & Accessories:Vintage:Women's Vintage Clothing:Vests	175798	92
Clothing, Shoes & Accessories:Vintage:Women's Vintage Clothing:Wedding Dresses & Veils	175799	91
Clothing, Shoes & Accessories:Vintage:Women's Vintage Shoes	74976	382
Clothing, Shoes & Accessories:Wedding & Formal Occasion:Boys' Formal Occasion	105520	217
Clothing, Shoes & Accessories:Wedding & Formal Occasion:Bridal Accessories:Belts & Sashes	180249	46
Clothing, Shoes & Accessories:Wedding & Formal Occasion:Bridal Accessories:Bras	163556	392
Clothing, Shoes & Accessories:Wedding & Formal Occasion:Bridal Accessories:Bridal Jewelry	163552	297
Clothing, Shoes & Accessories:Wedding & Formal Occasion:Bridal Accessories:Fans & Parasols	163553	303
Clothing, Shoes & Accessories:Wedding & Formal Occasion:Bridal Accessories:Garters	15718	419
Clothing, Shoes & Accessories:Wedding & Formal Occasion:Bridal Accessories:Gloves	98735	156
Clothing, Shoes & Accessories:Wedding & Formal Occasion:Bridal Accessories:Hair Accessories	163560	402
Clothing, Shoes & Accessories:Wedding & Formal Occasion:Bridal Accessories:Handbags & Bags	163551	293
Clothing, Shoes & Accessories:Wedding & Formal Occasion:Bridal Accessories:Other Bridal Accessories	106128	482
Clothing, Shoes & Accessories:Wedding & Formal Occasion:Bridal Accessories:Slips, Petticoats & Hoops	98745	375
Clothing, Shoes & Accessories:Wedding & Formal Occasion:Bridal Accessories:Storage Bags & Preservation	175631	291
Clothing, Shoes & Accessories:Wedding & Formal Occasion:Bridal Accessories:Tiaras & Headbands	105516	381
Clothing, Shoes & Accessories:Wedding & Formal Occasion:Bridal Accessories:Veils	15719	77
Clothing, Shoes & Accessories:Wedding & Formal Occasion:Bridal Accessories:Wraps & Jackets	105472	157
Clothing, Shoes & Accessories:Wedding & Formal Occasion:Bridal Shoes	105471	158
Clothing, Shoes & Accessories:Wedding & Formal Occasion:Bridesmaids' & Formal Dresses	175633	289
Clothing, Shoes & Accessories:Wedding & Formal Occasion:Girls' Formal Occasion	3263	478
Clothing, Shoes & Accessories:Wedding & Formal Occasion:Men's Formal Occasion:Accessories	148486	74
Clothing, Shoes & Accessories:Wedding & Formal Occasion:Men's Formal Occasion:Other Men's Formal Occasion	114293	486
Clothing, Shoes & Accessories:Wedding & Formal Occasion:Men's Formal Occasion:Ties, Cravats & Cummerbunds	105509	550
Clothing, Shoes & Accessories:Wedding & Formal Occasion:Men's Formal Occasion:Tuxedo & Formal Jackets	105511	377
Clothing, Shoes & Accessories:Wedding & Formal Occasion:Men's Formal Occasion:Tuxedo & Formal Shirts	105512	378
Clothing, Shoes & Accessories:Wedding & Formal Occasion:Men's Formal Occasion:Tuxedo & Formal Vests	105514	379
Clothing, Shoes & Accessories:Wedding & Formal Occasion:Men's Formal Occasion:Tuxedos & Formal Suits	105515	380
Clothing, Shoes & Accessories:Wedding & Formal Occasion:Mother of the Bride	131474	151
Clothing, Shoes & Accessories:Wedding & Formal Occasion:Novelty Attire	175632	288
Clothing, Shoes & Accessories:Wedding & Formal Occasion:Other Wedding & Formal Wear	1265	294
Clothing, Shoes & Accessories:Wedding & Formal Occasion:Wedding Dresses	15720	495
Clothing, Shoes & Accessories:Wedding & Formal Occasion:Women's Formal Hats	131476	152
Clothing, Shoes & Accessories:Wholesale, Large & Small Lots:Boys	45051	144
Clothing, Shoes & Accessories:Wholesale, Large & Small Lots:Girls	41965	367
Clothing, Shoes & Accessories:Wholesale, Large & Small Lots:Infants	45052	146
Clothing, Shoes & Accessories:Wholesale, Large & Small Lots:Men's Accessories	45053	145
Clothing, Shoes & Accessories:Wholesale, Large & Small Lots:Men's Clothing:Mixed Items	163631	213
Clothing, Shoes & Accessories:Wholesale, Large & Small Lots:Men's Clothing:Other Wholesale Men's Clothing	41966	369
Clothing, Shoes & Accessories:Wholesale, Large & Small Lots:Men's Clothing:Pants & Shorts	50977	488
Clothing, Shoes & Accessories:Wholesale, Large & Small Lots:Men's Clothing:Shirts	50976	487
Clothing, Shoes & Accessories:Wholesale, Large & Small Lots:Men's Clothing:Socks & Underwear	52535	211
Clothing, Shoes & Accessories:Wholesale, Large & Small Lots:Men's Shoes	45054	557
Clothing, Shoes & Accessories:Wholesale, Large & Small Lots:Mixed Lots	45057	407
Clothing, Shoes & Accessories:Wholesale, Large & Small Lots:Other Wholesale Lots	14879	241
Clothing, Shoes & Accessories:Wholesale, Large & Small Lots:Uniforms	50978	130
Clothing, Shoes & Accessories:Wholesale, Large & Small Lots:Vintage	50979	131
Clothing, Shoes & Accessories:Wholesale, Large & Small Lots:Women's Accessories, Handbags:Hair Accessories	50981	479
Clothing, Shoes & Accessories:Wholesale, Large & Small Lots:Women's Accessories, Handbags:Handbags, Bags	45055	548
Clothing, Shoes & Accessories:Wholesale, Large & Small Lots:Women's Accessories, Handbags:Other Wholesale Women's Accs	50983	69
Clothing, Shoes & Accessories:Wholesale, Large & Small Lots:Women's Accessories, Handbags:Scarves, Wraps	50982	52
Clothing, Shoes & Accessories:Wholesale, Large & Small Lots:Women's Clothing:Dresses	50986	485
Clothing, Shoes & Accessories:Wholesale, Large & Small Lots:Women's Clothing:Intimates	52536	209
Clothing, Shoes & Accessories:Wholesale, Large & Small Lots:Women's Clothing:Jeans	50987	484
Clothing, Shoes & Accessories:Wholesale, Large & Small Lots:Women's Clothing:Maternity	52537	210
Clothing, Shoes & Accessories:Wholesale, Large & Small Lots:Women's Clothing:Other Whlsl Women's Clothing	41967	368
Clothing, Shoes & Accessories:Wholesale, Large & Small Lots:Women's Clothing:Outerwear	50988	477
Clothing, Shoes & Accessories:Wholesale, Large & Small Lots:Women's Clothing:Pants	50989	476
Clothing, Shoes & Accessories:Wholesale, Large & Small Lots:Women's Clothing:Shirts, Tops	50990	66
Clothing, Shoes & Accessories:Wholesale, Large & Small Lots:Women's Clothing:Shorts	50991	67
Clothing, Shoes & Accessories:Wholesale, Large & Small Lots:Women's Clothing:Skirts	50992	64
Clothing, Shoes & Accessories:Wholesale, Large & Small Lots:Women's Clothing:Sweaters	50993	454
Clothing, Shoes & Accessories:Wholesale, Large & Small Lots:Women's Clothing:Swimwear	50994	70
Clothing, Shoes & Accessories:Wholesale, Large & Small Lots:Women's Shoes	45056	150
Clothing, Shoes & Accessories:Women's Accessories:Belt Buckles	163573	238
Clothing, Shoes & Accessories:Women's Accessories:Belts	3003	346
Clothing, Shoes & Accessories:Women's Accessories:Collar Tips	177651	362
Clothing, Shoes & Accessories:Women's Accessories:Fascinators & Headpieces	168998	109
Clothing, Shoes & Accessories:Women's Accessories:Gloves & Mittens	105559	350
Clothing, Shoes & Accessories:Women's Accessories:Hair Accessories	45220	306
Clothing, Shoes & Accessories:Women's Accessories:Handkerchiefs	167906	1
Clothing, Shoes & Accessories:Women's Accessories:Hats	45230	134
Clothing, Shoes & Accessories:Women's Accessories:ID & Document Holders:Business & Credit Card Cases	105544	75
Clothing, Shoes & Accessories:Women's Accessories:ID & Document Holders:Checkbook Covers	169286	359
Clothing, Shoes & Accessories:Women's Accessories:ID & Document Holders:ID & Badge Holders	169287	360
Clothing, Shoes & Accessories:Women's Accessories:ID & Document Holders:Other Women's ID & Doc Holders	169289	358
Clothing, Shoes & Accessories:Women's Accessories:ID & Document Holders:Passport Holders	169288	357
Clothing, Shoes & Accessories:Women's Accessories:Key Chains, Rings & Finders	45237	133
Clothing, Shoes & Accessories:Women's Accessories:Mixed Items & Lots	15738	320
Clothing, Shoes & Accessories:Women's Accessories:Organizers & Day Planners	15735	316
Clothing, Shoes & Accessories:Women's Accessories:Other Women's Accessories	1063	22
Clothing, Shoes & Accessories:Women's Accessories:Scarves & Wraps	45238	132
Clothing, Shoes & Accessories:Women's Accessories:Shoe Charms	150955	560
Clothing, Shoes & Accessories:Women's Accessories:Sunglasses & Fashion Eyewear:Eyewear Accessories	179249	324
Clothing, Shoes & Accessories:Women's Accessories:Sunglasses & Fashion Eyewear:Fashion Eyewear/Clear Glasses	179248	325
Clothing, Shoes & Accessories:Women's Accessories:Sunglasses & Fashion Eyewear:Other Women's Eyewear	179250	161
Clothing, Shoes & Accessories:Women's Accessories:Sunglasses & Fashion Eyewear:Sunglass Lens Replacements	179196	355
Clothing, Shoes & Accessories:Women's Accessories:Sunglasses & Fashion Eyewear:Sunglasses	45246	141
Clothing, Shoes & Accessories:Women's Accessories:Ties	151486	438
Clothing, Shoes & Accessories:Women's Accessories:Umbrellas	105569	304
Clothing, Shoes & Accessories:Women's Accessories:Wallets	45258	553
Clothing, Shoes & Accessories:Women's Accessories:Wristbands	106129	483
Clothing, Shoes & Accessories:Women's Clothing:Athletic Apparel	137085	543
Clothing, Shoes & Accessories:Women's Clothing:Coats & Jackets	63862	136
Clothing, Shoes & Accessories:Women's Clothing:Dresses	63861	393
Clothing, Shoes & Accessories:Women's Clothing:Hosiery & Socks:Leg Warmers	163587	254
Clothing, Shoes & Accessories:Women's Clothing:Hosiery & Socks:Other Women's Hosiery & Socks	11523	246
Clothing, Shoes & Accessories:Women's Clothing:Hosiery & Socks:Pantyhose & Tights	11525	371
Clothing, Shoes & Accessories:Women's Clothing:Hosiery & Socks:Socks	163588	512
Clothing, Shoes & Accessories:Women's Clothing:Hosiery & Socks:Stockings & Thigh-Highs	11527	243
Clothing, Shoes & Accessories:Women's Clothing:Intimates & Sleep:Bras & Bra Sets	63853	448
Clothing, Shoes & Accessories:Women's Clothing:Intimates & Sleep:Breast Forms, Enhancers	163593	104
Clothing, Shoes & Accessories:Women's Clothing:Intimates & Sleep:Camisoles & Camisole Sets	11521	244
Clothing, Shoes & Accessories:Women's Clothing:Intimates & Sleep:Corsets & Bustiers	11522	245
Clothing, Shoes & Accessories:Women's Clothing:Intimates & Sleep:Garter Belts	163586	255
Clothing, Shoes & Accessories:Women's Clothing:Intimates & Sleep:Mixed Intimate Items	15746	163
Clothing, Shoes & Accessories:Women's Clothing:Intimates & Sleep:Other Women's Intimates	4844	400
Clothing, Shoes & Accessories:Women's Clothing:Intimates & Sleep:Panties	63854	451
Clothing, Shoes & Accessories:Women's Clothing:Intimates & Sleep:Shapewear	11530	99
Clothing, Shoes & Accessories:Women's Clothing:Intimates & Sleep:Sleepwear & Robes	63855	450
Clothing, Shoes & Accessories:Women's Clothing:Intimates & Sleep:Slips	11532	98
Clothing, Shoes & Accessories:Women's Clothing:Intimates & Sleep:Teddies	45279	236
Clothing, Shoes & Accessories:Women's Clothing:Jeans	11554	10
Clothing, Shoes & Accessories:Women's Clothing:Jumpsuits & Rompers	3009	348
Clothing, Shoes & Accessories:Women's Clothing:Leggings	169001	434
Clothing, Shoes & Accessories:Women's Clothing:Maternity:Coats & Jackets	63856	453
Clothing, Shoes & Accessories:Women's Clothing:Maternity:Dresses	11534	102
Clothing, Shoes & Accessories:Women's Clothing:Maternity:Jeans	11535	101
Clothing, Shoes & Accessories:Women's Clothing:Maternity:Jumpsuits & Rompers	53447	508
Clothing, Shoes & Accessories:Women's Clothing:Maternity:Leggings	46809	317
Clothing, Shoes & Accessories:Women's Clothing:Maternity:Mixed Maternity Items	15754	20
Clothing, Shoes & Accessories:Women's Clothing:Maternity:Nursing:Bras	11517	129
Clothing, Shoes & Accessories:Women's Clothing:Maternity:Nursing:Dresses	15752	17
Clothing, Shoes & Accessories:Women's Clothing:Maternity:Nursing:Sleepwear	15755	19
Clothing, Shoes & Accessories:Women's Clothing:Maternity:Nursing:Tops	15753	16
Clothing, Shoes & Accessories:Women's Clothing:Maternity:Other Maternity Clothing	1264	295
Clothing, Shoes & Accessories:Women's Clothing:Maternity:Outfits & Sets	167903	94
Clothing, Shoes & Accessories:Women's Clothing:Maternity:Panties	117769	405
Clothing, Shoes & Accessories:Women's Clothing:Maternity:Pants	63857	452
Clothing, Shoes & Accessories:Women's Clothing:Maternity:Pantyhose & Tights	179840	296
Clothing, Shoes & Accessories:Women's Clothing:Maternity:Shorts	15747	164
Clothing, Shoes & Accessories:Women's Clothing:Maternity:Skirts	11536	35
Clothing, Shoes & Accessories:Women's Clothing:Maternity:Sleepwear	117771	0
Clothing, Shoes & Accessories:Women's Clothing:Maternity:Suits & Blazers	108898	525
Clothing, Shoes & Accessories:Women's Clothing:Maternity:Sweaters	11538	15
Clothing, Shoes & Accessories:Women's Clothing:Maternity:Sweats & Hoodies	155206	273
Clothing, Shoes & Accessories:Women's Clothing:Maternity:Swimwear	15748	166
Clothing, Shoes & Accessories:Women's Clothing:Maternity:T-Shirts	63859	444
Clothing, Shoes & Accessories:Women's Clothing:Maternity:Tops & Blouses	63858	445
Clothing, Shoes & Accessories:Women's Clothing:Mixed Items & Lots	84275	105
Clothing, Shoes & Accessories:Women's Clothing:Other Women's Clothing	314	315
Clothing, Shoes & Accessories:Women's Clothing:Pants	63863	395
Clothing, Shoes & Accessories:Women's Clothing:Shorts	11555	406
Clothing, Shoes & Accessories:Women's Clothing:Skirts	63864	396
Clothing, Shoes & Accessories:Women's Clothing:Suits & Blazers	63865	397
Clothing, Shoes & Accessories:Women's Clothing:Sweaters	63866	398
Clothing, Shoes & Accessories:Women's Clothing:Sweats & Hoodies	155226	47
Clothing, Shoes & Accessories:Women's Clothing:Swimwear	63867	399
Clothing, Shoes & Accessories:Women's Clothing:T-Shirts	63869	401
Clothing, Shoes & Accessories:Women's Clothing:Tops & Blouses	53159	383
Clothing, Shoes & Accessories:Women's Clothing:Vests	15775	283
Clothing, Shoes & Accessories:Women's Handbags & Bags:Backpacks & Bookbags	169292	541
Clothing, Shoes & Accessories:Women's Handbags & Bags:Briefcases & Laptop Bags	169293	540
Clothing, Shoes & Accessories:Women's Handbags & Bags:Diaper Bags	169295	538
Clothing, Shoes & Accessories:Women's Handbags & Bags:Handbag Accessories	163570	356
Clothing, Shoes & Accessories:Women's Handbags & Bags:Handbags & Purses	63852	449
Clothing, Shoes & Accessories:Women's Handbags & Bags:Mixed Items & Lots	169303	45
Clothing, Shoes & Accessories:Women's Handbags & Bags:Travel & Shopping Bags:Duffel & Gym Bags	169296	539
Clothing, Shoes & Accessories:Women's Handbags & Bags:Travel & Shopping Bags:Fanny, Waist Packs	169298	537
Clothing, Shoes & Accessories:Women's Handbags & Bags:Travel & Shopping Bags:Other Travel & Shopping Bags	42526	215
Clothing, Shoes & Accessories:Women's Handbags & Bags:Travel & Shopping Bags:Reusable Eco Bags	169302	55
Clothing, Shoes & Accessories:Women's Shoes:Athletic	95672	36
Clothing, Shoes & Accessories:Women's Shoes:Boots	53557	142
Clothing, Shoes & Accessories:Women's Shoes:Flats & Oxfords	45333	160
Clothing, Shoes & Accessories:Women's Shoes:Heels	55793	155
Clothing, Shoes & Accessories:Women's Shoes:Mixed Items & Lots	63889	140
Clothing, Shoes & Accessories:Women's Shoes:Occupational	53548	308
Clothing, Shoes & Accessories:Women's Shoes:Sandals & Flip Flops	62107	351
Clothing, Shoes & Accessories:Women's Shoes:Slippers	11632	376
